<?xml version="1.0" encoding="utf-8"?>
<extension type="module" version="2.5" client="site" method="upgrade">
    <name>mod_articles_slideshow</name>
    <author>StMarsh</author>
    <creationDate>November 2013</creationDate>
    <copyright>Copyright (C) 2013</copyright>
    <license>GNU General Public License</license>
    <authorEmail>milano_@mail.ru</authorEmail>
    <authorUrl>http://vk.com/id5666638</authorUrl>
    <version>1.0.0</version>
    <description>MOD_ARTICLES_SLIDESHOW</description>
    <files>
        <filename module="mod_articles_slideshow">mod_articles_slideshow.php</filename>
        <filename>index.html</filename>
        <filename>mod_articles_slideshow.xml</filename>
        <filename>helper.php</filename>
        <filename>style.css</filename>
        <filename>tmpl/index.html</filename>
        <filename>tmpl/default.php</filename>
        <filename>GirlsW.jpg</filename>
    </files>
    <config>
        <fields name="params">
            <fieldset name="basic">
                 <field
                    name="titlecolor"
                    type="color"
                    default="#000000"
                    label="Select title color"
                    description="Choose a colour for the Title if the custom colour option is selected. If left blank the Default (#000000) is used."
                />
                <field type="spacer" name="myspacer" hr="true" />
                <field
                    name="SlideNote"
                    type="textarea"
                    default="It is recommended to use on position-12."
                    label="Attention!!!"
                    description=""
                    rows="3"
                    cols="62"
                />
            </fieldset>
        </fields>
    </config>
</extension>