<?xml version="1.0" encoding="utf-8"?>
<extension type="module" version="2.5" client="site" method="upgrade">
    <name>mod_articles_all</name>
    <author>StMarsh</author>
    <creationDate>November 2013</creationDate>
    <copyright>Copyright (C) 2013</copyright>
    <license>GNU General Public License</license>
    <authorEmail>milano_@mail.ru</authorEmail>
    <authorUrl>http://vk.com/id5666638</authorUrl>
    <version>1.1.0</version>
    <description>MOD_ARTICLES_ALL</description>
    <files>
        <filename module="mod_articles_all">mod_articles_all.php</filename>
        <filename>index.html</filename>
        <filename>mod_articles_all.xml</filename>
        <filename>helper.php</filename>
        <filename>tmpl/index.html</filename>
        <filename>tmpl/default.php</filename>
    </files>
    <config>
        <fields name="params">
            <fieldset name="basic">
                <field
                    name="catlist"
                    type="category"
                    extension="com_content"
                    default=""
                    label="Select a category"
                    description="Selects Articles from one or more Categories. If no selection will show all categories as default">
                    <option value="">All Categories</option>
                </field>
                <field
                    name="countcat"
                    type="text"
                    default="5"
                    label="Count"
                    description="The number of Articles to display (the default is 5)"
                    size="4"
                    maxlength="4"
                />
            </fieldset>
        </fields>
    </config>
</extension>